{
  "metadata": {
    "generated": "2026-02-05T07:20:10.386844",
    "country": "Portugal",
    "year": 2024,
    "model": "PyPSA Linear Optimal Power Flow"
  },
  "scenarios": {
    "baseline": {
      "name": "Baseline (No CO2 Limit)",
      "status": "optimal",
      "total_cost": 3780024457.2123322,
      "total_generation_twh": 53.032323771072804,
      "co2_emissions_mt": 3.209305548681366,
      "load_shed_twh": null
    },
    "zero_emission": {
      "name": "Zero Emissions (100% CO2 Reduction)",
      "status": "optimal",
      "total_cost": 9629834094.46732,
      "total_generation_twh": 57.51589422077817,
      "co2_emissions_mt": 0.0,
      "load_shed_twh": null
    }
  },
  "sensitivity": {
    "renew_100": {
      "label": "100% Potential",
      "potential_factor": 1.0,
      "status": "optimal",
      "total_cost": 9629834094.46732,
      "total_generation_twh": 57.51589422077817,
      "co2_emissions_mt": 0.0,
      "renewable_share": 79.55734554700346,
      "storage_discharge_twh": 9.743789607750559,
      "load_shed_twh": null
    },
    "renew_75": {
      "label": "75% Potential",
      "potential_factor": 0.75,
      "status": "load_shedding",
      "total_cost": 57892410594.1427,
      "total_generation_twh": 53.69571547031342,
      "co2_emissions_mt": 0.0,
      "renewable_share": 69.38839837485806,
      "storage_discharge_twh": 7.384962500112478,
      "load_shed_twh": 4.8198931159562814
    },
    "renew_50": {
      "label": "50% Potential",
      "potential_factor": 0.5,
      "status": "load_shedding",
      "total_cost": 137066440328.86542,
      "total_generation_twh": 52.629347468363534,
      "co2_emissions_mt": 0.0,
      "renewable_share": 52.99654983852544,
      "storage_discharge_twh": 3.507399324461732,
      "load_shed_twh": 13.095657528297188
    },
    "renew_25": {
      "label": "25% Potential",
      "potential_factor": 0.25,
      "status": "load_shedding",
      "total_cost": 252469964061.30093,
      "total_generation_twh": 51.71977781705664,
      "co2_emissions_mt": 0.0,
      "renewable_share": 29.002995927433478,
      "storage_discharge_twh": 0.6722119097162635,
      "load_shed_twh": 25.056866444517272
    },
    "renew_0": {
      "label": "0% Potential (No Renewables)",
      "potential_factor": 0.0,
      "status": "load_shedding",
      "total_cost": 396166584443.848,
      "total_generation_twh": 51.40551842241365,
      "co2_emissions_mt": 0.0,
      "renewable_share": 0.0,
      "storage_discharge_twh": 0.022821241479741603,
      "load_shed_twh": 39.61135136947559
    }
  }
}