Sensitivity ID,Label,Potential Factor,Status,Total Cost (€),Total Generation (TWh),CO2 Emissions (Mt),Renewable Share (%),Storage Discharge (TWh)
renew_100,100% Potential,1.0,optimal,9629834094.46732,57.51589422077817,0.0,79.55734554700346,9.743789607750559
renew_75,75% Potential,0.75,load_shedding,57892410594.1427,53.69571547031342,0.0,69.38839837485806,7.384962500112478
renew_50,50% Potential,0.5,load_shedding,137066440328.86542,52.629347468363534,0.0,52.99654983852544,3.507399324461732
renew_25,25% Potential,0.25,load_shedding,252469964061.30093,51.71977781705664,0.0,29.002995927433478,0.6722119097162635
renew_0,0% Potential (No Renewables),0.0,load_shedding,396166584443.848,51.40551842241365,0.0,0.0,0.022821241479741603
